sample_id,source_file,video_file,polarity_class,polarity_name,predicted_strength,prob_negative,prob_neutral,prob_positive,primary_modality,effect_text,effect_audio,effect_vision,share_text,share_audio,share_vision,key_start_position,key_end_position_exclusive,key_direction,key_delta_probability,key_delta_strength,key_raw_zero_fraction,key_text_excerpt,key_char_start,key_char_end_exclusive,key_time_start_seconds,key_time_end_seconds,localization_status,ctc_mean_confidence,transcript_similarity,video_duration_seconds,video_frame_path,video_frame_timestamp_seconds,video_frame_index_zero_based,frame_time_gap_seconds
01,01.pkl,01.mp4,2,Positive,0.36126983165740967,0.07415666431188583,0.4514569342136383,0.47438639402389526,text,0.05209162384271622,0.014658331871032715,0.004698708653450012,0.7290776434252105,0.20515893475206995,0.06576342182271949,11,14,support,0.1845141351222992,0.10632425546646118,0.0,essential to ensuring,66,87,3.78246875,5.02246875,自动CTC定位_需人工回听,0.9055919278235662,0.9523809523809523,9.0,results/frames/01.png,4.4,132,0.0024687499999993534
02,02.pkl,02.mp4,1,Neutral,0.03010004758834839,0.34299546480178833,0.4034239649772644,0.2535805404186249,text,0.03429263654877158,0.002836853265762329,0.0005783035474665024,0.9094310085863996,0.07523254512742543,0.015336446286174917,10,13,counter,-0.07492023706436157,-0.03949480503797531,0.0,happiness - not,32,47,1.44246875,1.92246875,自动CTC定位_需人工回听,0.9932679396409255,1.0,3.493,results/frames/02.png,1.6666666666666667,50,0.015802083333333217
03,03.pkl,03.mp4,1,Neutral,-0.05390073359012604,0.3212883472442627,0.42543840408325195,0.2532733082771301,text,0.03041747404683021,0.002885773297279112,0.0014889451765245007,0.8742614892347143,0.08294312856448119,0.04279538220080464,5,8,support,0.07619515061378479,0.12277962267398834,0.0,lender at,12,21,1.04246875,1.60246875,自动CTC定位_需人工回听,0.9091318893432617,0.9294605809128631,9.664,results/frames/03.png,1.3333333333333333,40,0.010864583333333178
04,04.pkl,04.mp4,2,Positive,0.9156200885772705,0.12315389513969421,0.12023366242647171,0.7566125392913818,text,0.07216390470663707,0.0030782893300056458,0.0046851908167203265,0.902868332787704,0.03851357498625983,0.05861809222603624,12,15,support,0.18249350786209106,0.15346288681030273,0.0,kiss my chances,44,59,2.4824687500000002,3.24246875,自动CTC定位_需人工回听,0.9421691000461578,0.9590643274853801,6.9940625,results/frames/04.png,2.8666666666666667,86,0.004197916666666579
05,05.pkl,05.mp4,2,Positive,0.7823846340179443,0.015919478610157967,0.22115260362625122,0.7629280090332031,text,0.03289741277694702,0.011095675138326792,0.01352754464516273,0.5719236961169009,0.19289904586269352,0.2351772580204056,13,16,support,0.0675499439239502,0.08083134889602661,0.0,Wagon Marketing.,45,61,4.64246875,5.44246875,自动CTC定位_需人工回听,0.7630421871488745,0.8979591836734694,6.1,results/frames/05.png,5.033333333333333,151,0.009135416666666174
06,06.pkl,06.mp4,2,Positive,0.4122035503387451,0.17296163737773895,0.28844916820526123,0.5385891795158386,text,0.046826029365712944,0.004157859267610492,0.004497085556839452,0.8440015707946146,0.07494207389652695,0.08105635530885852,21,24,support,0.15170934796333313,0.3223136365413666,0.0,impressive dance moves,79,101,3.96246875,5.12246875,自动CTC定位_需人工回听,0.6671483414773378,0.8744939271255061,8.3050625,results/frames/06.png,4.533333333333333,136,0.009135416666667062
07,07.pkl,07.mp4,2,Positive,0.8656757473945618,0.018265949562191963,0.14296826720237732,0.8387658596038818,text,0.015667708023734715,0.003198070370632669,0.0022884374079496965,0.7406423461945864,0.15117886668634514,0.10817878711906861,19,22,support,0.08267557621002197,0.17210179567337036,0.0,attendees “enthusiastically,76,103,5.00246875,7.02246875,自动定位质量警示_需人工回听,0.8653499114454961,0.4804270462633452,21.348,results/frames/07.png,6.0,180,0.012468750000000028
08,08.pkl,08.mp4,2,Positive,0.810807466506958,0.10198916494846344,0.24180717766284943,0.6562036871910095,text,0.068953984313541,0.009433501296573214,0.010633971956041124,0.774577121053074,0.10596884789897772,0.1194540310479482,7,10,support,0.1484229564666748,0.23047757148742676,0.0,the Universal Design,27,47,1.84246875,3.04246875,自动CTC定位_需人工回听,0.9674973070621491,0.9814814814814815,5.0860625,results/frames/08.png,2.433333333333333,73,0.009135416666666618
09,09.pkl,09.mp4,0,Negative,-1.5848510265350342,0.9029188752174377,0.06353997439146042,0.033541157841682434,text,0.03152301907539368,0.003251437097787857,0.00223715603351593,0.851706186138236,0.08784910745388959,0.06044470640787444,6,9,support,0.0983695387840271,-0.5110914707183838,0.0,did not like,8,20,1.22246875,1.60246875,自动CTC定位_需人工回听,0.7996678447400752,0.8761904761904762,5.042,results/frames/09.png,1.4,42,0.012468750000000028
10,10.pkl,10.mp4,0,Negative,-1.6863888502120972,0.8470678329467773,0.09662278741598129,0.056309428066015244,text,0.03254214142050062,0.0026028965200696674,0.0021283073084695,0.8730673676610485,0.06983265125999716,0.05709998107895421,28,31,support,0.12112569808959961,-0.6797971725463867,0.0,was pretty terrible,110,129,7.50246875,9.18246875,自动CTC定位_需人工回听,0.8114734061807394,0.9004739336492891,9.94,results/frames/10.png,8.333333333333334,250,0.009135416666666174
11,11.pkl,11.mp4,0,Negative,-0.762814998626709,0.5839133858680725,0.27787718176841736,0.13820943236351013,text,0.1155108114083608,0.005496586362520854,0.0036531289418538413,0.9266029468537458,0.04409243653515957,0.029304616611094687,2,5,support,0.2934127449989319,-0.6563418507575989,0.0,would be ashamed,2,18,0.62246875,1.34246875,自动CTC定位_需人工回听,0.6837888796414647,0.8913043478260869,5.804,results/frames/11.png,0.9666666666666667,29,0.015802083333333328
12,12.pkl,12.mp4,0,Negative,-0.620410680770874,0.5204895734786987,0.35792669653892517,0.12158379703760147,text,0.02548302263021469,0.007791354507207871,0.0020796358585357666,0.7207957589744596,0.2203810500408703,0.058823190984670135,2,5,support,0.11214837431907654,-0.33304768800735474,0.0,"worse, an",3,12,0.72246875,1.20246875,自动CTC定位_需人工回听,0.9013946235179902,0.9757785467128027,13.014,results/frames/12.png,0.9666666666666667,29,0.00419791666666669
13,13.pkl,13.mp4,2,Positive,0.3930055499076843,0.10626133531332016,0.3971502184867859,0.4965885281562805,text,0.02858017065695354,0.007279134222439357,0.0001872671501977103,0.7928679219064741,0.20193693359978643,0.005195144493739455,27,30,counter,-0.08309650421142578,-0.12792879343032837,0.0,factors or more,115,130,7.28246875,8.60246875,自动CTC定位_需人工回听,0.6684401680335954,0.8258706467661692,8.68425,results/frames/13.png,7.933333333333334,238,0.009135416666666174
14,14.pkl,14.mp4,2,Positive,0.9444106817245483,0.010965590365231037,0.14099253714084625,0.8480419516563416,text,0.015884451793901848,0.0024058800755125103,0.0024090463464910335,0.7673878716654513,0.11622958189458236,0.11638254643996616,28,31,support,0.04838591814041138,0.07462507486343384,0.0,courses at Toronto,120,138,6.96246875,8.76246875,自动CTC定位_需人工回听,0.7889511489662983,0.9212598425196851,10.351,results/frames/14.png,7.866666666666666,236,0.004197916666666579
15,15.pkl,15.mp4,2,Positive,-0.013603299856185913,0.31792718172073364,0.30949899554252625,0.3725738525390625,text,0.04506621862712659,0.0037271474537096524,0.004543509922529522,0.8449354743664166,0.06987937301529348,0.08518515261828999,3,6,counter,-0.11012420058250427,-0.3263567388057709,0.0,despite their poverty,9,30,0.78246875,1.76246875,自动定位质量警示_需人工回听,0.0031191146578300826,0.23255813953488372,7.333375,results/frames/15.png,1.2666666666666666,38,0.00580208333333343
16,16.pkl,16.mp4,0,Negative,-1.4735920429229736,0.8450716733932495,0.12475667893886566,0.03017173521220684,text,0.03968840175204807,0.01663864983452691,0.005450858010186089,0.6424367870506398,0.2693300881031956,0.08823312484616459,5,8,support,0.09537017345428467,-0.4284186363220215,0.0,"terrible, this",7,21,0.8024687500000001,1.58246875,自动CTC定位_需人工回听,0.6548928907141089,0.8059701492537313,3.114,results/frames/16.png,1.2,36,0.007531249999999767
17,17.pkl,17.mp4,2,Positive,1.0945779085159302,0.0037510644178837538,0.0565374456346035,0.9397115111351013,text,0.011293974789706144,0.002575484189120206,0.0014161873947490346,0.7388614464632829,0.1684903684264539,0.09264818511026313,6,9,support,0.03605097532272339,0.0915299654006958,0.0,to your presentations,36,57,2.82246875,3.82246875,自动CTC定位_需人工回听,0.9116902859373526,0.944954128440367,9.667,results/frames/17.png,3.3333333333333335,100,0.0108645833333334
18,18.pkl,18.mp4,1,Neutral,0.30064547061920166,0.12965840101242065,0.5136524438858032,0.3566891551017761,text,0.011622291544209356,0.0023144068925277047,0.0017324258451876433,0.7417320416314765,0.1477049291897898,0.11056302917873354,27,30,support,0.05538621544837952,-0.11094233393669128,0.0,has been denied,114,129,8.68246875,9.42246875,自动定位质量警示_需人工回听,0.8411770392293957,0.34324942791762014,18.8080625,results/frames/18.png,9.066666666666666,272,0.014197916666667254
19,19.pkl,19.mp4,2,Positive,0.7335977554321289,0.3187974691390991,0.154120072722435,0.5270825624465942,text,0.030047253982440847,0.004619593555862839,0.0025688699773840002,0.8069470923927198,0.1240635031114029,0.06898940449587727,15,18,counter,-0.10675036907196045,-0.29482412338256836,0.0,unfortunately some hate,75,98,5.34246875,6.7424687500000005,自动CTC定位_需人工回听,0.9609523487813545,0.9826589595375722,13.683,results/frames/19.png,6.033333333333333,181,0.009135416666667062
20,20.pkl,20.mp4,2,Positive,1.0707567930221558,0.010709382593631744,0.09770862758159637,0.8915820121765137,text,0.014582676131550858,0.001385662613845453,0.0014264976106038907,0.838333619995263,0.0796594222266127,0.08200695777812433,14,17,support,0.0395779013633728,0.03976452350616455,0.0,video for more,60,74,2.96246875,3.78246875,自动CTC定位_需人工回听,0.8219651872580082,0.8491228070175438,10.953,results/frames/20.png,3.3666666666666667,101,0.005802083333333652
