scenario,old_accuracy,old_macro_f1,old_mae,old_pearson,optimized_accuracy,optimized_macro_f1,optimized_mae,optimized_pearson,accuracy_gain,macro_f1_gain,mae_reduction
complete,0.4945054945054945,0.49166353482155173,0.7263030409812927,0.44306238420342486,0.5769230769230769,0.544898164904344,0.6778661608695984,0.5439490862040881,0.08241758241758235,0.05323463008279222,0.048436880111694336
text_front_10,0.46291208791208793,0.4615389460035195,0.7395487427711487,0.4285500309942186,0.5824175824175825,0.5533388511242806,0.6793428063392639,0.5350351849445903,0.11950549450549453,0.09179990512076108,0.060205936431884766
text_front_25,0.4684065934065934,0.46630079524439055,0.7528546452522278,0.40197960827206447,0.5673076923076923,0.5399137269045942,0.6994214057922363,0.5095361578498894,0.09890109890109888,0.0736129316602036,0.053433239459991455
text_front_40,0.4876373626373626,0.4847986045071873,0.7426358461380005,0.41091114327305267,0.5892857142857143,0.5623450186275017,0.7074735760688782,0.5029463206669587,0.10164835164835168,0.07754641412031443,0.035162270069122314
text_front_55,0.45604395604395603,0.4536810385603172,0.7671257257461548,0.36892935536053056,0.5535714285714286,0.5270646422947037,0.7381799817085266,0.45146563503159254,0.09752747252747257,0.07338360373438652,0.028945744037628174
text_front_70,0.4491758241758242,0.44239639664210184,0.7853385806083679,0.32951025885524277,0.5041208791208791,0.48875696061498153,0.757118821144104,0.4025887948895019,0.054945054945054916,0.04636056397287969,0.028219759464263916
text_middle_10,0.49175824175824173,0.4885107110731978,0.7387732267379761,0.44137270118401994,0.5906593406593407,0.5585231266306768,0.6855645775794983,0.5315106699200096,0.09890109890109894,0.070012415557479,0.05320864915847778
text_middle_25,0.47802197802197804,0.47316503582354136,0.7532060146331787,0.41465174419167883,0.5769230769230769,0.5462532513024316,0.7075628042221069,0.49674851189534935,0.09890109890109883,0.07308821547889027,0.04564321041107178
text_middle_40,0.49175824175824173,0.4860207970674521,0.7532715797424316,0.40432557035889277,0.5576923076923077,0.5312362436474358,0.7128013372421265,0.48959556475636234,0.06593406593406598,0.04521544657998372,0.040470242500305176
text_middle_55,0.45604395604395603,0.45086484593145754,0.7691885828971863,0.37286735508679464,0.5370879120879121,0.513044706432071,0.7256343960762024,0.4599538609208112,0.08104395604395603,0.06217986050061347,0.04355418682098389
text_middle_70,0.4258241758241758,0.4168088314989717,0.7692902684211731,0.31265609489408563,0.5096153846153846,0.48728776544868496,0.7492608428001404,0.40391005289459464,0.08379120879120877,0.07047893394971327,0.020029425621032715
text_back_10,0.47802197802197804,0.4723174550632346,0.741691529750824,0.42896465124697947,0.5755494505494505,0.5449631259894204,0.6848171949386597,0.5224918159710813,0.09752747252747246,0.07264567092618585,0.05687433481216431
text_back_25,0.45879120879120877,0.4541565026436829,0.7563467621803284,0.40391945717318756,0.5631868131868132,0.5343514585128292,0.6904598474502563,0.5126452019497574,0.10439560439560441,0.08019495586914627,0.06588691473007202
text_back_40,0.4574175824175824,0.4513321213684387,0.7562385201454163,0.39343142054508395,0.5398351648351648,0.5119459266117611,0.7127782702445984,0.48624940155522484,0.0824175824175824,0.06061380524332238,0.04346024990081787
text_back_55,0.44505494505494503,0.43789065323689896,0.7799489498138428,0.35520991259489065,0.5137362637362637,0.48828636216391313,0.7314020395278931,0.44726906281944284,0.06868131868131866,0.05039570892701417,0.04854691028594971
text_back_70,0.4491758241758242,0.44011782226899304,0.7820087671279907,0.3306112239283582,0.5082417582417582,0.48886787763234135,0.7432230114936829,0.4253261350227797,0.05906593406593402,0.04875005536334831,0.03878575563430786
audio_front_10,0.49313186813186816,0.48801817573558787,0.7300916314125061,0.4372039309241953,0.5782967032967034,0.5455437295666781,0.6774148344993591,0.5421222833629353,0.0851648351648352,0.057525553831090204,0.05267679691314697
audio_front_25,0.4835164835164835,0.4829479347998505,0.734025239944458,0.4328295069540697,0.5769230769230769,0.5457224388478673,0.6788046956062317,0.5379287692093561,0.09340659340659335,0.06277450404801682,0.05522054433822632
audio_front_40,0.46565934065934067,0.4657693859186396,0.7326722145080566,0.4343557356366695,0.5782967032967034,0.5488381074501969,0.6762338876724243,0.5397457408571216,0.11263736263736268,0.08306872153155731,0.056438326835632324
audio_front_55,0.4574175824175824,0.45644415078800976,0.7260584831237793,0.4392434820083616,0.5810439560439561,0.5529359861305544,0.6702964901924133,0.5412737948004492,0.12362637362637369,0.09649183534254463,0.05576199293136597
audio_front_70,0.4519230769230769,0.4481868989943343,0.7233909964561462,0.4388866431245726,0.5755494505494505,0.5475396001851373,0.6710675358772278,0.5406982220157059,0.12362637362637358,0.09935270119080297,0.05232346057891846
audio_middle_10,0.49862637362637363,0.4960079698285063,0.7211143374443054,0.451075856848249,0.5810439560439561,0.5493278847509634,0.6743529438972473,0.5463154888764838,0.08241758241758246,0.05331991492245708,0.046761393547058105
audio_middle_25,0.49313186813186816,0.4916074784632986,0.7193337678909302,0.45281088154508375,0.5906593406593407,0.5592720478131882,0.6723648905754089,0.5488769191329572,0.09752747252747251,0.06766456934988957,0.04696887731552124
audio_middle_40,0.4945054945054945,0.4900658749454701,0.7179449796676636,0.4519934932620315,0.5879120879120879,0.5578475197119265,0.6712866425514221,0.5490868264309274,0.09340659340659341,0.06778164476645637,0.046658337116241455
audio_middle_55,0.47802197802197804,0.4743786475647845,0.7179993987083435,0.45098907051744175,0.5934065934065934,0.5653697526021131,0.6694992184638977,0.549534167593074,0.11538461538461536,0.0909911050373286,0.0485001802444458
audio_middle_70,0.4793956043956044,0.47541915106406146,0.7156606912612915,0.4558672695637775,0.6016483516483516,0.5731568992275523,0.6635616421699524,0.5534506631921075,0.12225274725274721,0.09773774816349085,0.05209904909133911
audio_back_10,0.49175824175824173,0.48866727791277276,0.7268086671829224,0.442492604303611,0.5782967032967034,0.5460679960604528,0.6756041049957275,0.5472637465623423,0.08653846153846162,0.05740071814768,0.051204562187194824
audio_back_25,0.4848901098901099,0.48227254446633444,0.7246056795120239,0.4440753471101375,0.5865384615384616,0.5553882507014946,0.6715055108070374,0.5499447464074402,0.10164835164835168,0.07311570623516012,0.05310016870498657
audio_back_40,0.4766483516483517,0.4725342090859332,0.7211291193962097,0.4447594503918756,0.5892857142857143,0.5595070407830872,0.6736057996749878,0.5492780007942345,0.11263736263736263,0.08697283169715403,0.047523319721221924
audio_back_55,0.46565934065934067,0.46418713745508206,0.7156586647033691,0.4488797221833531,0.5851648351648352,0.5563007079364414,0.6680257320404053,0.5520963169114719,0.11950549450549453,0.09211357048135932,0.04763293266296387
audio_back_70,0.46565934065934067,0.46163287811952386,0.7090097665786743,0.45718652525128506,0.5961538461538461,0.5654901039694527,0.6619064211845398,0.5583001179799715,0.13049450549450547,0.10385722584992879,0.04710334539413452
vision_front_10,0.4945054945054945,0.4919789207522292,0.727719247341156,0.44262401043668026,0.5741758241758241,0.540886674806255,0.6771909594535828,0.5438877010585313,0.07967032967032961,0.048907754054025754,0.05052828788757324
vision_front_25,0.4945054945054945,0.4926825040229262,0.7271334528923035,0.44371794130105874,0.5755494505494505,0.5442989186867834,0.6738472580909729,0.5457064252407374,0.08104395604395598,0.05161641466385719,0.053286194801330566
vision_front_40,0.489010989010989,0.48681465914276667,0.7291246056556702,0.44099002149841793,0.5782967032967034,0.5469410591354692,0.6733983755111694,0.5423408993067242,0.08928571428571436,0.06012639999270253,0.05572623014450073
vision_front_55,0.48626373626373626,0.48566838627930126,0.7284331321716309,0.44445065822989077,0.5824175824175825,0.5532385565252887,0.6714872717857361,0.5397975719660487,0.0961538461538462,0.0675701702459875,0.056945860385894775
vision_front_70,0.4766483516483517,0.4752543705461993,0.7300087809562683,0.4410862480340187,0.5741758241758241,0.5488704344523944,0.665861189365387,0.5413907317738548,0.09752747252747246,0.07361606390619507,0.06414759159088135
vision_middle_10,0.5054945054945055,0.5012052845148239,0.7242631912231445,0.44559960471320115,0.5769230769230769,0.5444329537794118,0.6786977648735046,0.5435534809666992,0.0714285714285714,0.043227669264587876,0.04556542634963989
vision_middle_25,0.5027472527472527,0.49969250717317104,0.7239780426025391,0.44642202736013964,0.5741758241758241,0.5408797992131326,0.6770342588424683,0.5439345580899779,0.0714285714285714,0.04118729203996152,0.0469437837600708
vision_middle_40,0.5,0.49785651450784335,0.7241279482841492,0.4453179305527505,0.5810439560439561,0.5473441768587399,0.673876166343689,0.5443781255757429,0.08104395604395609,0.04948766235089658,0.050251781940460205
vision_middle_55,0.49038461538461536,0.48955144943195134,0.7255577445030212,0.4418016174694502,0.5879120879120879,0.5557206237190694,0.671762228012085,0.5430185846715223,0.09752747252747257,0.06616917428711805,0.05379551649093628
vision_middle_70,0.4876373626373626,0.48706276121603115,0.725706160068512,0.4407054446158792,0.5865384615384616,0.5577900698451598,0.6681889295578003,0.544931236341273,0.09890109890109894,0.07072730862912863,0.05751723051071167
vision_back_10,0.489010989010989,0.4860075468505149,0.7288018465042114,0.43972364181770457,0.5796703296703297,0.5468123401821724,0.6783081889152527,0.5435907134098875,0.09065934065934073,0.0608047933316575,0.05049365758895874
vision_back_25,0.4766483516483517,0.4757547806767494,0.7310448288917542,0.4356297234799375,0.5810439560439561,0.5488018503611576,0.6762553453445435,0.5409929274111894,0.10439560439560441,0.07304706968440816,0.05478948354721069
vision_back_40,0.48214285714285715,0.4809968087815397,0.7329602837562561,0.4322669216072892,0.5796703296703297,0.5490982895203774,0.6736771464347839,0.5407482345765537,0.09752747252747257,0.0681014807388377,0.05928313732147217
vision_back_55,0.4793956043956044,0.4807238604003703,0.7344822883605957,0.432527097124207,0.5796703296703297,0.5489270374527156,0.6732168197631836,0.5381077052394817,0.10027472527472531,0.06820317705234535,0.06126546859741211
vision_back_70,0.46291208791208793,0.46711074194220253,0.7378272414207458,0.42954788269762123,0.5782967032967034,0.54871660895198,0.6725053191184998,0.5350548246601667,0.11538461538461542,0.08160586700977751,0.0653219223022461
text_audio_middle_40,0.4766483516483517,0.4675180663925653,0.7461947202682495,0.41023222636194445,0.5673076923076923,0.543649435517263,0.7068474888801575,0.4919284395896468,0.09065934065934061,0.07613136912469765,0.03934723138809204
text_vision_middle_40,0.4876373626373626,0.4818568337445102,0.7507067918777466,0.40524188892500035,0.5535714285714286,0.5259024226148732,0.7104263305664062,0.4892261263440886,0.06593406593406598,0.04404558887036297,0.04028046131134033
audio_vision_middle_40,0.5,0.49429965451800434,0.7150791883468628,0.4539366413114393,0.5947802197802198,0.5638607296731873,0.6686338782310486,0.5494255646638811,0.09478021978021978,0.069561075155183,0.04644531011581421
text_only,0.4478021978021978,0.4491748917972563,0.7330231666564941,0.4150051162979052,0.5645604395604396,0.5533022764397177,0.6755809783935547,0.544068964710774,0.11675824175824173,0.10412738464246146,0.05744218826293945
